Time,Voltage,Current,Frequency,Temperature,Fault,Confidence,Grid Health,Shutdown,Area ID,Line ID,Asset ID
07-07-2026 12:03:39,230.0,5.0,50.0,30.0,Normal,100.0,100,NO,Unknown,Unknown,Unknown
07-07-2026 12:19:41,230.0,5.0,50.0,30.0,Normal,100.0,100,NO,Unknown,Unknown,Unknown
07-07-2026 12:22:10,230.0,5.0,50.0,30.0,Normal,100.0,100,NO,Unknown,Unknown,Unknown
07-07-2026 12:24:08,230.0,5.0,50.0,30.0,Normal,100.0,100,NO,Unknown,Unknown,Unknown
07-07-2026 12:24:42,270.07,5.0,50.0,30.0,Overvoltage,94.0,40,YES,Unknown,Unknown,Unknown
07-07-2026 12:26:19,300.07,5.0,50.0,30.0,Overvoltage,94.0,40,YES,Unknown,Unknown,Unknown
07-07-2026 12:27:00,300.07,11.0,70.0,30.0,Overvoltage,64.0,40,YES,Unknown,Unknown,Unknown
07-07-2026 12:30:32,240.0,11.0,30.0,30.0,Overload,69.0,45,YES,Unknown,Unknown,Unknown
07-07-2026 12:32:40,0.0,0.0,0.0,28.0,Line Break,100.0,20,YES,Unknown,Unknown,Unknown
07-07-2026 12:34:33,250.0,5.0,50.0,30.0,Normal,97.0,100,NO,Unknown,Unknown,Unknown
07-07-2026 12:34:46,260.0,5.0,50.0,30.0,Normal,49.0,100,NO,Unknown,Unknown,Unknown
07-07-2026 12:36:28,260.0,10.0,50.0,30.0,Overload,46.0,45,YES,Unknown,Unknown,Unknown
07-07-2026 12:36:46,290.0,10.0,80.0,30.0,Overvoltage,88.0,40,YES,Unknown,Unknown,Unknown
07-07-2026 12:38:11,150.0,5.0,50.0,30.0,Undervoltage,99.0,50,YES,Unknown,Unknown,Unknown
07-07-2026 12:38:25,210.0,5.0,50.0,30.0,Normal,100.0,100,NO,Unknown,Unknown,Unknown
07-07-2026 12:38:33,180.0,5.0,50.0,30.0,Undervoltage,99.0,50,YES,Unknown,Unknown,Unknown
07-07-2026 12:40:35,275.0,15.0,50.0,45.0,Overload,52.0,45,YES,Unknown,Unknown,Unknown
07-07-2026 12:41:05,150.0,2.0,49.0,32.0,Undervoltage,100.0,50,YES,Unknown,Unknown,Unknown
07-07-2026 12:41:35,0.0,0.0,0.0,28.0,Line Break,100.0,20,YES,Unknown,Unknown,Unknown
07-07-2026 12:42:23,290.0,10.0,80.0,30.0,Overvoltage,88.0,40,YES,Unknown,Unknown,Unknown
07-07-2026 12:55:21,230.0,5.0,50.0,30.0,Normal,100.0,100,NO,Unknown,Unknown,Unknown
07-07-2026 20:14:47,230.0,5.0,50.0,30.0,Normal,100.0,100,NO,Unknown,Unknown,Unknown
07-07-2026 20:26:14,230.0,5.0,50.0,30.0,Normal,100.0,100,NO,Unknown,Unknown,Unknown
08-07-2026 12:04:59,230.0,5.0,50.0,30.0,Normal,100.0,100,NO,Unknown,Unknown,Unknown
08-07-2026 12:12:28,230.0,5.0,50.0,30.0,Normal,100.0,100,NO,Unknown,Unknown,Unknown
08-07-2026 12:22:21,230.0,5.0,50.0,30.0,Normal,100.0,100,NO,Unknown,Unknown,Unknown
08-07-2026 12:24:26,230.0,5.0,50.0,30.0,Normal,100.0,100,NO,Unknown,Unknown,Unknown
08-07-2026 12:36:04,230.0,5.0,50.0,30.0,Normal,100.0,100,NO,Unknown,Unknown,Unknown
08-07-2026 12:43:14,230.0,5.0,50.0,30.0,Normal,100.0,100,NO,Unknown,Unknown,Unknown
08-07-2026 12:45:47,0.0,0.0,0.0,0.0,Line Break,100.0,20,YES,Unknown,Unknown,Unknown
08-07-2026 12:51:38,0.0,0.0,0.0,0.0,Line Break,100.0,20,YES,Unknown,Unknown,Unknown
08-07-2026 12:53:14,230.0,5.0,50.0,30.0,Normal,100.0,100,NO,Unknown,Unknown,Unknown
08-07-2026 12:55:48,230.0,5.0,50.0,30.0,Normal,100.0,100,NO,Unknown,Unknown,Unknown
08-07-2026 12:57:50,230.0,5.0,50.0,30.0,Normal,100.0,100,NO,Unknown,Unknown,Unknown
08-07-2026 13:00:49,230.0,5.0,50.0,30.0,Normal,100.0,100,NO,Unknown,Unknown,Unknown
08-07-2026 13:02:41,230.0,5.0,50.0,30.0,Normal,100.0,100,NO,Unknown,Unknown,Unknown
08-07-2026 13:05:02,230.0,5.0,50.0,30.0,Normal,100.0,100,NO,Unknown,Unknown,Unknown
08-07-2026 13:13:04,230.0,5.0,50.0,30.0,Normal,100.0,100,NO,Unknown,Unknown,Unknown
08-07-2026 13:17:31,230.0,5.0,50.0,30.0,Normal,100.0,100,NO,Unknown,Unknown,Unknown
08-07-2026 13:18:28,230.0,5.0,50.0,30.0,Normal,100.0,100,NO,Unknown,Unknown,Unknown
08-07-2026 13:25:18,230.0,5.0,50.0,30.0,Normal,100.0,100,NO,Unknown,Unknown,Unknown
08-07-2026 13:27:03,230.0,5.0,50.0,30.0,Normal,100.0,100,NO,Unknown,Unknown,Unknown
08-07-2026 13:28:04,0.0,0.0,0.0,30.0,Line Break,100.0,20,YES,Unknown,Unknown,Unknown
08-07-2026 13:29:13,230.0,5.0,50.0,30.0,Normal,100.0,100,NO,Unknown,Unknown,Unknown
08-07-2026 17:18:55,220.0,11.95,49.94,30.0,Overload,68.0,45,YES,Unknown,Unknown,Unknown
08-07-2026 17:19:03,224.0,17.76,49.82,49.0,Overload,99.0,45,YES,Unknown,Unknown,Unknown
08-07-2026 17:19:10,224.0,8.13,49.88,40.0,Normal,52.0,100,NO,Unknown,Unknown,Unknown
08-07-2026 17:19:12,229.0,16.51,49.91,56.0,Overload,99.0,45,YES,Unknown,Unknown,Unknown
08-07-2026 17:19:14,235.0,14.59,49.8,49.0,Overload,99.0,45,YES,Unknown,Unknown,Unknown
08-07-2026 17:20:55,235.0,6.92,49.85,47.0,Normal,54.0,100,NO,Unknown,Unknown,Unknown
08-07-2026 18:21:50,230.0,5.0,50.0,30.0,Normal,100.0,100,NO,Unknown,Unknown,Unknown
08-07-2026 18:21:59,236.0,11.78,50.11,50.0,Overload,99.0,45,YES,Unknown,Unknown,Unknown
08-07-2026 18:22:12,227.0,17.02,49.98,53.0,Overload,99.0,45,YES,Unknown,Unknown,Unknown
08-07-2026 18:22:16,221.0,5.69,50.04,35.0,Normal,100.0,100,NO,Unknown,Unknown,Unknown
08-07-2026 18:22:21,236.0,9.28,50.0,42.0,Overload,51.0,45,YES,Unknown,Unknown,Unknown
08-07-2026 18:22:22,236.0,7.05,50.09,52.0,Normal,54.0,100,NO,Unknown,Unknown,Unknown
08-07-2026 18:22:24,223.0,16.73,49.91,49.0,Overload,99.0,45,YES,Unknown,Unknown,Unknown
08-07-2026 18:22:25,234.0,18.78,49.95,54.0,Overload,99.0,45,YES,Unknown,Unknown,Unknown
08-07-2026 18:22:25,237.0,5.61,49.94,59.0,Normal,53.0,100,NO,Unknown,Unknown,Unknown
08-07-2026 18:22:26,231.0,5.6,50.15,48.0,Normal,53.0,100,NO,Unknown,Unknown,Unknown
08-07-2026 18:22:27,236.0,8.35,50.04,47.0,Normal,51.0,100,NO,Unknown,Unknown,Unknown
08-07-2026 18:30:00,230.0,5.0,50.0,30.0,Normal,100.0,100,NO,Unknown,Unknown,Unknown
08-07-2026 18:30:30,230.0,14.6,50.15,35.0,Overload,68.0,45,YES,Unknown,Unknown,Unknown
08-07-2026 18:31:54,230.0,14.01,49.91,44.0,Overload,99.0,45,YES,Unknown,Unknown,Unknown
08-07-2026 18:53:12,230.0,5.0,50.0,30.0,Normal,100.0,100,NO,Unknown,Unknown,Unknown
08-07-2026 18:59:37,229.0,4.27,49.9,39.0,Normal,56.0,100,NO,Unknown,Unknown,Unknown
08-07-2026 19:00:07,225.0,12.79,50.19,49.0,Overload,99.0,45,YES,Unknown,Unknown,Unknown
08-07-2026 19:00:15,222.0,14.26,50.1,50.0,Overload,99.0,45,YES,Unknown,Unknown,Unknown
08-07-2026 19:00:17,239.0,11.23,50.06,37.0,Overload,71.0,45,YES,Unknown,Unknown,Unknown
08-07-2026 19:00:19,239.0,10.91,49.81,45.0,Overload,99.0,45,YES,Unknown,Unknown,Unknown
08-07-2026 19:00:21,220.0,7.75,50.09,36.0,Normal,79.0,100,NO,Unknown,Unknown,Unknown
08-07-2026 19:00:25,234.0,11.36,50.14,55.0,Overload,99.0,45,YES,Unknown,Unknown,Unknown
08-07-2026 19:00:28,235.0,12.94,49.98,46.0,Overload,99.0,45,YES,Unknown,Unknown,Unknown
08-07-2026 19:00:29,227.0,4.03,50.14,35.0,Normal,100.0,100,NO,Unknown,Unknown,Unknown
08-07-2026 19:00:32,227.0,8.24,49.86,30.0,Normal,88.0,100,NO,Unknown,Unknown,Unknown
08-07-2026 19:02:34,230.0,5.0,50.0,30.0,Normal,100.0,100,NO,Unknown,Unknown,Unknown
08-07-2026 19:03:02,237.0,5.19,49.94,45.0,Normal,53.0,100,NO,Unknown,Unknown,Unknown
08-07-2026 19:08:54,230.0,5.0,50.0,30.0,Normal,100.0,100,NO,Unknown,Unknown,Unknown
08-07-2026 19:09:09,220.0,5.91,50.06,28.0,Normal,100.0,100,NO,Unknown,Unknown,Unknown
08-07-2026 19:09:16,226.0,8.92,49.88,41.0,Normal,52.0,100,NO,Unknown,Unknown,Unknown
08-07-2026 19:09:19,235.0,10.34,49.89,54.0,Overload,99.0,45,YES,Unknown,Unknown,Unknown
08-07-2026 20:37:13,229.0,3.57,49.82,29.0,Normal,100.0,100,NO,Unknown,Unknown,Unknown
08-07-2026 20:37:26,234.0,13.41,49.82,50.0,Overload,99.0,45,YES,Unknown,Unknown,Unknown
08-07-2026 20:40:34,230.0,5.0,50.0,30.0,Normal,100.0,100,NO,Unknown,Unknown,Unknown
08-07-2026 20:40:41,230.0,5.0,50.0,30.0,Normal,100.0,100,NO,Unknown,Unknown,Unknown
08-07-2026 20:40:43,230.0,5.0,50.0,30.0,Normal,100.0,100,NO,Unknown,Unknown,Unknown
08-07-2026 20:41:02,0.0,0.0,0.0,30.0,Line Break,100.0,20,YES,Unknown,Unknown,Unknown
08-07-2026 20:41:20,228.0,11.16,49.96,51.0,Overload,99.0,45,YES,Unknown,Unknown,Unknown
08-07-2026 20:41:44,220.0,11.92,49.99,41.0,Overload,99.0,45,YES,Unknown,Unknown,Unknown
08-07-2026 20:41:47,223.0,6.59,49.86,40.0,Normal,55.0,100,NO,Unknown,Unknown,Unknown
08-07-2026 20:49:56,230.0,5.0,50.0,30.0,Normal,100.0,100,NO,Unknown,Unknown,Unknown
08-07-2026 20:50:29,223.0,13.13,49.85,53.0,Overload,99.0,45,YES,Unknown,Unknown,Unknown
08-07-2026 20:53:52,230.0,5.0,50.0,30.0,Normal,100.0,100,NO,Unknown,Unknown,Unknown
08-07-2026 20:54:04,230.0,5.0,50.0,30.0,Normal,100.0,100,NO,Unknown,Unknown,Unknown
08-07-2026 20:54:14,229.0,13.76,50.06,52.0,Overload,99.0,45,YES,Unknown,Unknown,Unknown
08-07-2026 21:03:37,230.0,5.0,50.0,30.0,Normal,100.0,100,NO,Unknown,Unknown,Unknown
08-07-2026 21:04:14,234.0,6.38,49.91,33.0,Normal,100.0,100,NO,Unknown,Unknown,Unknown
08-07-2026 21:04:21,234.0,5.57,49.95,33.0,Normal,100.0,100,NO,Unknown,Unknown,Unknown
08-07-2026 21:04:26,223.0,10.14,49.95,44.0,Overload,99.0,45,YES,Unknown,Unknown,Unknown
08-07-2026 21:14:35,230.0,5.0,50.0,30.0,Normal,100.0,100,NO,Unknown,Unknown,Unknown
08-07-2026 21:14:59,233.0,12.6,49.9,53.0,Overload,99.0,45,YES,Unknown,Unknown,Unknown
08-07-2026 21:27:42,230.0,5.0,50.0,30.0,Normal,100.0,100,NO,Unknown,Unknown,Unknown
08-07-2026 21:27:55,231.0,7.56,49.92,45.0,Normal,54.0,100,NO,Unknown,Unknown,Unknown
08-07-2026 21:28:00,240.0,9.89,49.84,32.0,Normal,62.0,100,NO,Unknown,Unknown,Unknown
08-07-2026 21:28:03,225.0,6.76,49.99,46.0,Normal,54.0,100,NO,Unknown,Unknown,Unknown
08-07-2026 21:28:06,236.0,8.19,49.92,32.0,Normal,87.0,100,NO,Unknown,Unknown,Unknown
08-07-2026 21:28:08,223.0,7.18,49.94,40.0,Normal,55.0,100,NO,Unknown,Unknown,Unknown
08-07-2026 21:28:10,226.0,4.28,50.1,25.0,Normal,100.0,100,NO,Unknown,Unknown,Unknown
08-07-2026 21:28:11,224.0,5.62,49.95,47.0,Normal,53.0,100,NO,Unknown,Unknown,Unknown
08-07-2026 21:28:12,236.0,3.09,49.85,37.0,Normal,79.0,100,NO,Unknown,Unknown,Unknown
08-07-2026 21:28:13,220.0,7.95,50.18,30.0,Normal,100.0,100,NO,Unknown,Unknown,Unknown
08-07-2026 21:28:18,226.0,14.53,50.05,44.0,Overload,99.0,45,YES,Unknown,Unknown,Unknown
08-07-2026 21:28:49,229.0,6.12,49.87,25.0,Normal,100.0,100,NO,Unknown,Unknown,Unknown
08-07-2026 21:28:54,221.0,5.75,50.14,54.0,Normal,53.0,100,NO,Unknown,Unknown,Unknown
08-07-2026 21:28:57,222.0,12.69,50.15,50.0,Overload,99.0,45,YES,Unknown,Unknown,Unknown
08-07-2026 21:57:01,234.0,8.96,50.06,55.0,Normal,51.0,100,NO,Unknown,Unknown,Unknown
08-07-2026 21:57:11,239.0,12.15,49.9,31.0,Overload,68.0,45,YES,Unknown,Unknown,Unknown
08-07-2026 22:25:24,230.0,5.0,50.0,30.0,Normal,100.0,100,NO,Unknown,Unknown,Unknown
08-07-2026 22:25:40,225.0,6.71,50.08,36.0,Normal,79.0,100,NO,Unknown,Unknown,Unknown
08-07-2026 22:25:50,225.0,4.66,50.13,54.0,Normal,53.0,100,NO,Unknown,Unknown,Unknown
08-07-2026 22:25:59,239.0,13.2,49.81,52.0,Overload,99.0,45,YES,Unknown,Unknown,Unknown
08-07-2026 23:08:57,230.0,5.0,50.0,30.0,Normal,100.0,100,NO,Unknown,Unknown,Unknown
08-07-2026 23:09:17,234.0,5.08,50.13,43.0,Normal,54.0,100,NO,Unknown,Unknown,Unknown
08-07-2026 23:13:27,230.0,5.0,50.0,30.0,Normal,100.0,100,NO,Unknown,Unknown,Unknown
08-07-2026 23:16:21,230.0,5.0,50.0,30.0,Normal,100.0,100,NO,Unknown,Unknown,Unknown
08-07-2026 23:21:30,230.0,5.0,50.0,30.0,Normal,100.0,100,NO,Unknown,Unknown,Unknown
08-07-2026 23:23:39,230.0,5.0,50.0,30.0,Normal,100.0,100,NO,Unknown,Unknown,Unknown
08-07-2026 23:24:00,227.0,11.58,50.04,53.0,Overload,99.0,45,YES,Unknown,Unknown,Unknown
09-07-2026 12:15:51,230.0,5.0,50.0,30.0,Normal,100.0,100,NO,Unknown,Unknown,Unknown
09-07-2026 12:16:35,222.0,5.2,50.12,48.0,Normal,53.0,100,NO,Unknown,Unknown,Unknown
09-07-2026 12:16:43,223.0,12.53,50.03,47.0,Overload,99.0,45,YES,Unknown,Unknown,Unknown
09-07-2026 12:32:08,230.0,5.0,50.0,30.0,Normal,100.0,100,NO,Unknown,Unknown,Unknown
09-07-2026 12:32:42,230.0,5.0,50.0,30.0,Normal,100.0,100,NO,Unknown,Unknown,Unknown
09-07-2026 12:33:06,0.0,0.0,0.0,30.0,Line Break,100.0,20,YES,Unknown,Unknown,Unknown
09-07-2026 12:33:50,150.0,2.0,49.0,30.0,Undervoltage,100.0,50,YES,Unknown,Unknown,Unknown
09-07-2026 12:34:15,300.0,10.0,55.0,30.0,Overvoltage,88.0,40,YES,Unknown,Unknown,Unknown
09-07-2026 13:21:56,230.0,5.0,50.0,30.0,Normal,100.0,100,NO,Unknown,Unknown,Unknown
09-07-2026 14:43:08,230.0,5.0,50.0,30.0,Normal,100.0,100,NO,Unknown,Unknown,Unknown
09-07-2026 14:43:32,237.0,7.42,49.94,54.0,Normal,54.0,100,NO,Unknown,Unknown,Unknown
09-07-2026 14:43:37,227.0,3.46,50.0,46.0,Normal,53.0,100,NO,Unknown,Unknown,Unknown
09-07-2026 14:43:39,224.0,6.26,50.06,46.0,Normal,54.0,100,NO,Unknown,Unknown,Unknown
09-07-2026 14:43:42,222.0,7.14,50.17,50.0,Normal,54.0,100,NO,Unknown,Unknown,Unknown
09-07-2026 14:43:43,238.0,7.66,49.83,37.0,Normal,80.0,100,NO,Unknown,Unknown,Unknown
09-07-2026 14:43:45,225.0,13.55,49.87,55.0,Overload,99.0,45,YES,Unknown,Unknown,Unknown
09-07-2026 15:20:42,230.0,5.0,50.0,30.0,Normal,100.0,100,NO,Unknown,Unknown,Unknown
09-07-2026 15:23:21,229.0,8.12,50.04,46.0,Normal,51.0,100,NO,Unknown,Unknown,Unknown
09-07-2026 15:23:23,227.0,3.89,50.02,36.0,Normal,78.0,100,NO,Unknown,Unknown,Unknown
09-07-2026 15:23:25,235.0,9.59,50.19,28.0,Normal,62.0,100,NO,Unknown,Unknown,Unknown
09-07-2026 15:23:27,226.0,9.45,50.1,37.0,Normal,51.0,100,NO,Unknown,Unknown,Unknown
09-07-2026 15:23:29,234.0,6.46,50.07,55.0,Normal,54.0,100,NO,Unknown,Unknown,Unknown
09-07-2026 15:23:30,222.0,5.99,50.1,29.0,Normal,100.0,100,NO,Unknown,Unknown,Unknown
09-07-2026 15:23:32,238.0,3.7,49.93,28.0,Normal,100.0,100,NO,Unknown,Unknown,Unknown
09-07-2026 15:23:33,238.0,3.54,50.11,39.0,Normal,55.0,100,NO,Unknown,Unknown,Unknown
09-07-2026 15:23:35,238.0,5.48,49.96,29.0,Normal,100.0,100,NO,Unknown,Unknown,Unknown
09-07-2026 15:23:37,236.0,8.35,49.89,30.0,Normal,88.0,100,NO,Unknown,Unknown,Unknown
09-07-2026 15:23:38,235.0,8.1,49.91,34.0,Normal,88.0,100,NO,Unknown,Unknown,Unknown
09-07-2026 15:23:39,239.0,10.14,50.05,33.0,Overload,68.0,45,YES,Unknown,Unknown,Unknown
09-07-2026 16:00:45,230.0,5.0,50.0,30.0,Normal,100.0,100,NO,Unknown,Unknown,Unknown
09-07-2026 16:00:49,230.0,5.0,50.0,30.0,Normal,100.0,100,NO,Unknown,Unknown,Unknown
09-07-2026 16:01:01,226.0,8.43,49.9,25.0,Normal,88.0,100,NO,Unknown,Unknown,Unknown
09-07-2026 16:01:06,230.0,12.74,49.89,28.0,Overload,68.0,45,YES,Unknown,Unknown,Unknown
09-07-2026 16:02:23,230.0,5.0,50.0,30.0,Normal,100.0,100,NO,Unknown,Unknown,Unknown
09-07-2026 16:02:26,230.0,5.0,50.0,30.0,Normal,100.0,100,NO,Unknown,Unknown,Unknown
09-07-2026 16:02:30,230.0,5.0,50.0,30.0,Normal,100.0,100,NO,Unknown,Unknown,Unknown
09-07-2026 16:02:31,230.0,5.0,50.0,30.0,Normal,100.0,100,NO,Unknown,Unknown,Unknown
09-07-2026 16:02:38,223.0,8.99,49.94,36.0,Normal,76.0,100,NO,Unknown,Unknown,Unknown
09-07-2026 16:05:35,221.0,4.79,49.85,52.0,Normal,53.0,100,NO,Unknown,Unknown,Unknown
09-07-2026 16:05:49,229.0,9.46,49.96,28.0,Normal,62.0,100,NO,Unknown,Unknown,Unknown
09-07-2026 16:05:50,224.0,7.87,50.03,27.0,Normal,100.0,100,NO,Unknown,Unknown,Unknown
09-07-2026 16:05:54,229.0,10.85,50.03,31.0,Overload,68.0,45,YES,Unknown,Unknown,Unknown
09-07-2026 18:37:54,232.0,9.44,49.86,52.0,Normal,41.0,100,NO,Unknown,Unknown,Unknown
09-07-2026 19:10:06,230.0,5.0,50.0,30.0,Normal,100.0,100,NO,Unknown,Unknown,Unknown
09-07-2026 19:11:46,230.0,5.0,50.0,30.0,Normal,100.0,100,NO,Unknown,Unknown,Unknown
09-07-2026 19:14:20,230.0,5.0,50.0,30.0,Normal,100.0,100,NO,Unknown,Unknown,Unknown
09-07-2026 19:27:12,230.0,5.0,50.0,30.0,Normal,100.0,100,NO,Unknown,Unknown,Unknown
09-07-2026 19:27:37,150.86,15.0,50.0,30.0,Overload,59.0,45,YES,Unknown,Unknown,Unknown
09-07-2026 19:28:20,0.0,0.0,0.0,30.0,Line Break,100.0,20,YES,Unknown,Unknown,Unknown
09-07-2026 19:28:25,0.0,0.0,0.0,30.0,Line Break,100.0,20,YES,Unknown,Unknown,Unknown
09-07-2026 19:40:36,230.0,5.0,50.0,30.0,Normal,100.0,100,NO,Unknown,Unknown,Unknown
09-07-2026 19:40:50,0.0,0.0,0.0,30.0,Line Break,100.0,20,YES,Unknown,Unknown,Unknown
09-07-2026 19:45:57,0.0,0.0,0.0,28.0,Line Break,100.0,20,YES,Unknown,Unknown,Unknown
09-07-2026 19:56:31,230.0,5.0,50.0,30.0,Normal,100.0,100,NO,Unknown,Unknown,Unknown
09-07-2026 19:57:05,0.0,0.0,0.0,30.0,Line Break,100.0,20,YES,Unknown,Unknown,Unknown
09-07-2026 21:34:31,0.0,0.0,0.0,30.0,Line Break,100.0,20,YES,Unknown,Unknown,Unknown
09-07-2026 21:40:24,0.0,0.0,0.0,30.0,Line Break,100.0,20,YES,Unknown,Unknown,Unknown
09-07-2026 21:44:36,0.0,0.0,0.0,30.0,Line Break,100.0,20,YES,Unknown,Unknown,Unknown
09-07-2026 21:50:33,0.0,0.0,0.0,30.0,Line Break,100.0,20,YES,Unknown,Unknown,Unknown
09-07-2026 21:51:13,0.0,0.0,0.0,30.0,Line Break,100.0,20,YES,Unknown,Unknown,Unknown
09-07-2026 21:52:54,275.0,15.0,50.0,45.0,Overload,66.0,45,YES,Unknown,Unknown,Unknown
09-07-2026 21:55:18,275.0,15.0,50.0,45.0,Overload,66.0,45,YES,Unknown,Unknown,Unknown
09-07-2026 21:57:42,150.0,2.0,50.0,32.0,Undervoltage,100.0,50,YES,Unknown,Unknown,Unknown
09-07-2026 21:59:56,275.0,15.0,50.0,45.0,Overload,66.0,45,YES,Unknown,Unknown,Unknown
09-07-2026 22:02:16,275.0,15.0,50.0,30.0,Overload,65.0,45,YES,Unknown,Unknown,Unknown
09-07-2026 22:02:41,150.0,2.0,50.0,30.0,Undervoltage,100.0,50,YES,Unknown,Unknown,Unknown
09-07-2026 22:03:06,0.0,0.0,0.0,30.0,Line Break,100.0,20,YES,Unknown,Unknown,Unknown
09-07-2026 22:03:33,290.0,10.0,80.0,30.0,Overvoltage,99.0,40,YES,Unknown,Unknown,Unknown
14-07-2026 22:06:46,315.0,17.78,50.12,26.8,Overload,65.0,45,YES,Unknown,Unknown,Unknown
14-07-2026 22:07:36,0.0,0.0,0.0,30.0,Line Break,100.0,20,YES,Unknown,Unknown,Unknown
14-07-2026 22:17:13,230.0,5.0,50.0,30.0,Normal,100.0,100,NO,Unknown,Unknown,Unknown
14-07-2026 22:22:10,0.0,0.0,0.0,30.0,Line Break,100.0,20,YES,Unknown,Unknown,Unknown
14-07-2026 22:24:03,0.0,0.0,0.0,30.0,Line Break,100.0,20,YES,Unknown,Unknown,Unknown
14-07-2026 22:24:09,0.0,0.0,0.0,30.0,Line Break,100.0,20,YES,Unknown,Unknown,Unknown
14-07-2026 22:27:32,315.0,17.46,49.93,29.4,Overload,65.0,45,YES,Unknown,Unknown,Unknown
15-07-2026 18:23:58,0.0,0.0,0.0,30.0,Line Break,100.0,20,YES,Unknown,Unknown,Unknown
16-07-2026 19:42:08,230.9,4.73,50.17,29.6,Normal,100.0,100,NO,Unknown,Unknown,Unknown
16-07-2026 19:45:37,230.0,5.0,50.0,30.0,Normal,100.0,100,NO,Unknown,Unknown,Unknown
16-07-2026 19:51:38,230.0,5.0,50.0,30.0,Normal,100.0,100,NO,Unknown,Unknown,Unknown
16-07-2026 22:37:22,230.0,5.0,50.0,30.0,Normal,100.0,100,NO,Unknown,Unknown,Unknown
21-07-2026 21:45:27,230.0,5.0,50.0,30.0,Normal,100.0,100,NO,Unknown,Unknown,Unknown
21-07-2026 21:46:33,227.3,24.0,50.26,30.3,Overload,75.0,45,YES,Unknown,Unknown,Unknown
21-07-2026 21:48:51,0.0,0.0,0.0,30.0,Line Break,100.0,20,YES,Unknown,Unknown,Unknown
21-07-2026 22:01:48,230.0,5.0,50.0,30.0,Normal,100.0,100,NO,Unknown,Unknown,Unknown
21-07-2026 22:03:39,221.0,9.14,50.15,35.0,Normal,72.0,100,NO,Unknown,Unknown,Unknown
23-07-2026 18:49:50,230.0,5.0,50.0,30.0,Normal,100.0,100,NO,Unknown,Unknown,Unknown
23-07-2026 18:51:26,230.0,5.0,50.0,30.0,Normal,100.0,100,NO,Unknown,Unknown,Unknown
23-07-2026 21:31:53,230.0,5.0,50.0,30.0,Normal,100.0,100,NO,Unknown,Unknown,Unknown
23-07-2026 22:37:45,230.0,5.0,50.0,30.0,Normal,100.0,100,NO,Unknown,Unknown,Unknown
23-07-2026 22:44:59,221.0,10.27,49.95,39.0,Overload,93.0,45,YES,Unknown,Unknown,Unknown
24-07-2026 15:05:13,230.0,5.0,50.0,30.0,Normal,100.0,100,NO,Unknown,Unknown,Unknown
24-07-2026 15:09:01,0.0,0.0,0.0,30.0,Line Break,100.0,20,YES,Unknown,Unknown,Unknown
24-07-2026 15:12:32,230.0,5.0,50.0,30.0,Normal,100.0,100,NO,Unknown,Unknown,Unknown
25-07-2026 10:50:14,240.9,5.98,49.96,30.3,Normal,100.0,100,NO,Unknown,Unknown,Unknown
25-07-2026 10:50:46,0.0,0.0,0.0,30.0,Line Break,100.0,20,YES,Unknown,Unknown,Unknown
25-07-2026 11:11:43,182.5,0.0,50.01,32.9,Undervoltage,63.0,50,YES,Unknown,Unknown,Unknown
25-07-2026 11:11:48,186.0,2.0,50.18,33.0,Undervoltage,100.0,50,YES,Unknown,Unknown,Unknown
25-07-2026 11:11:53,185.3,2.28,50.14,33.2,Undervoltage,100.0,50,YES,Unknown,Unknown,Unknown
25-07-2026 11:12:08,230.0,5.0,50.0,30.0,Normal,100.0,100,NO,Unknown,Unknown,Unknown
25-07-2026 11:12:10,230.0,5.0,50.0,30.0,Normal,100.0,100,NO,Unknown,Unknown,Unknown
25-07-2026 11:12:26,187.0,24.0,50.22,32.5,Overload,59.0,45,YES,Unknown,Unknown,Unknown
25-07-2026 11:32:04,0.0,0.0,0.0,30.0,Line Break,100.0,20,YES,Unknown,Unknown,Unknown
25-07-2026 11:35:08,230.0,5.0,50.0,30.0,Normal,100.0,100,NO,Unknown,Unknown,Unknown
25-07-2026 11:36:24,230.0,5.0,50.0,30.0,Normal,100.0,100,NO,Unknown,Unknown,Unknown
25-07-2026 11:44:00,230.0,5.0,50.0,30.0,Normal,100.0,100,NO,Unknown,Unknown,Unknown
25-07-2026 11:47:35,0.0,0.0,0.0,0.0,Line Break,100.0,20,YES,Unknown,Unknown,Unknown
25-07-2026 11:51:10,0.0,0.0,50.0,30.0,Line Break,56.0,20,YES,Unknown,Unknown,Unknown
25-07-2026 12:28:11,0.0,0.0,0.0,30.0,Line Break,100.0,20,YES,Unknown,Unknown,Unknown
25-07-2026 12:52:43,0.0,0.0,0.0,30.0,Line Break,100.0,20,YES,Unknown,Unknown,Unknown
26-08-2026 20:55:43,230.0,5.0,50.0,30.0,Normal,100.0,100,NO,Unknown,Unknown,Unknown
18-09-2026 13:03:39,230.0,5.0,50.0,30.0,Normal,100.0,100,NO,Unknown,Unknown,Unknown
18-09-2026 13:06:41,179.99,5.0,50.0,30.0,Undervoltage,98.0,50,YES,Unknown,Unknown,Unknown
18-09-2026 13:12:44,99.0,5.0,50.0,30.0,Undervoltage,98.0,50,YES,Unknown,Unknown,Unknown
18-09-2026 13:41:00,230.0,5.0,50.0,30.0,Normal,100.0,100,NO,Unknown,Unknown,Unknown
18-09-2026 20:12:47,228.54,5.0,50.0,30.0,Normal,100.0,100,NO,Unknown,Unknown,Unknown
18-09-2026 20:13:16,212.66,10.22,50.0,30.0,Overload,75.0,45,YES,Unknown,Unknown,Unknown
18-09-2026 20:14:23,228.54,5.0,50.0,30.0,Normal,100.0,100,NO,Unknown,Unknown,Unknown
18-09-2026 21:39:52,228.54,5.0,50.0,30.0,Normal,100.0,100,NO,Unknown,Unknown,Unknown
18-09-2026 21:40:46,228.54,5.0,50.0,30.0,Normal,100.0,100,NO,Unknown,Unknown,Unknown
18-09-2026 21:41:46,228.54,5.0,50.0,30.0,Normal,100.0,100,NO,Unknown,Unknown,Unknown
18-09-2026 21:42:46,228.54,5.0,50.0,30.0,Normal,100.0,100,NO,Unknown,Unknown,Unknown
18-09-2026 21:43:38,227.59,8.26,50.0,30.0,Normal,84.0,100,NO,Unknown,Unknown,Unknown
18-09-2026 21:43:44,225.75,14.57,50.0,30.0,Overload,75.0,45,YES,Unknown,Unknown,Unknown
18-09-2026 21:43:47,224.8,17.83,50.0,30.0,Overload,75.0,45,YES,Unknown,Unknown,Unknown
18-09-2026 21:43:49,225.37,15.87,50.0,30.0,Overload,75.0,45,YES,Unknown,Unknown,Unknown
18-09-2026 21:44:15,0.0,0.0,50.0,30.0,Line Break,56.0,20,YES,Unknown,Unknown,Unknown
18-09-2026 21:44:18,0.0,0.0,50.0,30.0,Line Break,56.0,20,YES,Unknown,Unknown,Unknown
18-09-2026 21:45:18,0.0,0.0,50.0,30.0,Line Break,56.0,20,YES,Unknown,Unknown,Unknown
18-09-2026 21:46:18,228.54,5.0,50.0,30.0,Normal,100.0,100,NO,Unknown,Unknown,Unknown
18-09-2026 21:46:31,228.54,5.0,50.0,30.0,Normal,100.0,100,NO,Unknown,Unknown,Unknown
18-09-2026 21:46:42,228.54,5.0,50.0,30.0,Normal,100.0,100,NO,Unknown,Unknown,Unknown
18-09-2026 21:46:51,228.54,5.0,50.0,30.0,Normal,100.0,100,NO,Unknown,Unknown,Unknown
18-09-2026 21:47:08,228.54,5.0,50.0,30.0,Normal,100.0,100,NO,Unknown,Unknown,Unknown
18-09-2026 21:47:10,228.54,5.0,50.0,30.0,Normal,100.0,100,NO,Unknown,Unknown,Unknown
18-09-2026 21:47:13,228.54,5.0,50.0,30.0,Normal,100.0,100,NO,Unknown,Unknown,Unknown
18-09-2026 21:47:18,228.54,5.0,50.0,30.0,Normal,100.0,100,NO,Unknown,Unknown,Unknown
18-09-2026 21:47:40,228.54,5.0,50.0,30.0,Normal,100.0,100,NO,Unknown,Unknown,Unknown
18-09-2026 21:47:54,228.54,5.0,50.0,30.0,Normal,100.0,100,NO,Unknown,Unknown,Unknown
18-09-2026 21:47:56,228.54,5.0,50.0,30.0,Normal,100.0,100,NO,Unknown,Unknown,Unknown
18-09-2026 21:48:00,228.54,5.0,50.0,30.0,Normal,100.0,100,NO,Unknown,Unknown,Unknown
18-09-2026 21:48:02,228.54,5.0,50.0,30.0,Normal,100.0,100,NO,Unknown,Unknown,Unknown
18-09-2026 21:48:12,228.54,5.0,50.0,30.0,Normal,100.0,100,NO,Unknown,Unknown,Unknown
18-09-2026 21:48:45,228.54,5.0,50.0,30.0,Normal,100.0,100,NO,Unknown,Unknown,Unknown
18-09-2026 21:48:47,228.54,5.0,50.0,30.0,Normal,100.0,100,NO,Unknown,Unknown,Unknown
18-09-2026 21:49:12,228.54,5.0,50.0,30.0,Normal,100.0,100,NO,Unknown,Unknown,Unknown
18-09-2026 21:50:15,228.54,5.0,50.0,30.0,Normal,100.0,100,NO,Unknown,Unknown,Unknown
18-09-2026 21:50:33,228.54,5.0,50.0,30.0,Normal,100.0,100,NO,Unknown,Unknown,Unknown
18-09-2026 21:51:07,228.54,5.0,50.0,30.0,Normal,100.0,100,NO,Unknown,Unknown,Unknown
18-09-2026 21:52:08,228.54,5.0,50.0,30.0,Normal,100.0,100,NO,Unknown,Unknown,Unknown
18-09-2026 21:53:07,228.54,5.0,50.0,30.0,Normal,100.0,100,NO,Unknown,Unknown,Unknown
18-09-2026 21:54:07,228.54,5.0,50.0,30.0,Normal,100.0,100,NO,Unknown,Unknown,Unknown
18-09-2026 21:55:07,224.79,47.61,50.0,50.0,Overload,94.0,45,YES,Unknown,Unknown,Unknown
18-09-2026 21:55:26,229.45,5.0,50.0,30.0,Normal,100.0,100,NO,Unknown,Unknown,Unknown
18-09-2026 21:56:01,224.79,47.61,50.0,50.0,Overload,94.0,45,YES,Unknown,Unknown,Unknown
18-09-2026 21:56:12,229.45,5.0,50.0,30.0,Normal,100.0,100,NO,Unknown,Unknown,Unknown
18-09-2026 21:56:16,0.0,0.0,50.0,30.0,Line Break,56.0,20,YES,Unknown,Unknown,Unknown
18-09-2026 21:58:53,229.45,5.0,50.0,30.0,Normal,100.0,100,NO,Unknown,Unknown,Unknown
18-09-2026 21:59:08,0.0,0.0,50.0,30.0,Line Break,56.0,20,YES,Unknown,Unknown,Unknown
18-09-2026 21:59:33,229.45,5.0,50.0,30.0,Normal,100.0,100,NO,Unknown,Unknown,Unknown
18-09-2026 21:59:36,224.79,47.61,50.0,50.0,Overload,94.0,45,YES,Unknown,Unknown,Unknown
18-09-2026 22:00:36,229.45,5.0,50.0,30.0,Normal,100.0,100,NO,Unknown,Unknown,Unknown
18-09-2026 22:00:38,0.0,0.0,50.0,30.0,Line Break,56.0,20,YES,Unknown,Unknown,Unknown
18-09-2026 22:01:28,229.45,5.0,50.0,30.0,Normal,100.0,100,NO,Unknown,Unknown,Unknown
18-09-2026 22:01:30,224.79,47.61,50.0,50.0,Overload,94.0,45,YES,Unknown,Unknown,Unknown
18-09-2026 22:03:41,224.79,47.61,50.0,50.0,Overload,94.0,45,YES,Unknown,Unknown,Unknown
18-09-2026 22:04:06,0.0,0.0,50.0,30.0,Line Break,56.0,20,YES,Unknown,Unknown,Unknown
18-09-2026 22:10:32,229.45,5.0,50.0,30.0,Normal,100.0,100,NO,Unknown,Unknown,Unknown
18-09-2026 22:10:41,224.79,47.61,50.0,50.0,Overload,94.0,45,YES,Unknown,Unknown,Unknown
18-09-2026 22:10:49,0.0,0.0,50.0,30.0,Line Break,56.0,20,YES,Unknown,Unknown,Unknown
18-09-2026 22:15:39,230.0,5.0,50.0,30.0,Normal,100.0,100,NO,Unknown,Unknown,Unknown
18-09-2026 22:15:45,229.45,5.0,50.0,30.0,Normal,100.0,100,NO,Unknown,Unknown,Unknown
18-09-2026 22:15:52,224.79,47.61,50.0,50.0,Overload,94.0,45,YES,Unknown,Unknown,Unknown
18-09-2026 22:15:56,229.45,5.0,50.0,30.0,Normal,100.0,100,NO,Unknown,Unknown,Unknown
18-09-2026 22:15:59,0.0,0.0,50.0,30.0,Line Break,56.0,20,YES,Unknown,Unknown,Unknown
18-09-2026 22:16:02,229.45,5.0,50.0,30.0,Normal,100.0,100,NO,Unknown,Unknown,Unknown
18-09-2026 22:16:12,230.0,5.0,50.0,30.0,Normal,100.0,100,NO,Unknown,Unknown,Unknown
18-09-2026 22:16:19,231.0,12.1,49.87,47.0,Overload,94.0,45,YES,Unknown,Unknown,Unknown
18-09-2026 22:17:06,230.0,5.0,50.0,30.0,Normal,100.0,100,NO,Unknown,Unknown,Unknown
18-09-2026 22:17:09,229.45,5.0,50.0,30.0,Normal,100.0,100,NO,Unknown,Unknown,Unknown
18-09-2026 22:18:07,229.45,5.0,50.0,30.0,Normal,100.0,100,NO,Unknown,Unknown,Unknown
18-09-2026 22:19:07,229.45,5.0,50.0,30.0,Normal,100.0,100,NO,Unknown,Unknown,Unknown
18-09-2026 22:20:07,229.45,5.0,50.0,30.0,Normal,100.0,100,NO,Unknown,Unknown,Unknown
18-09-2026 22:21:08,229.45,5.0,50.0,30.0,Normal,100.0,100,NO,Unknown,Unknown,Unknown
18-09-2026 22:22:07,229.45,5.0,50.0,30.0,Normal,100.0,100,NO,Unknown,Unknown,Unknown
18-09-2026 22:23:07,229.45,5.0,50.0,30.0,Normal,100.0,100,NO,Unknown,Unknown,Unknown
18-09-2026 22:24:07,229.45,5.0,50.0,30.0,Normal,100.0,100,NO,Unknown,Unknown,Unknown
18-09-2026 22:25:08,229.45,5.0,50.0,30.0,Normal,100.0,100,NO,Unknown,Unknown,Unknown
18-09-2026 22:26:09,229.45,5.0,50.0,30.0,Normal,100.0,100,NO,Unknown,Unknown,Unknown
18-09-2026 22:44:28,230.0,5.0,50.0,30.0,Normal,100.0,100,NO,Unknown,Unknown,Unknown
18-09-2026 22:44:56,239.0,9.91,49.82,55.0,Normal,41.0,100,NO,Unknown,Unknown,Unknown
18-09-2026 22:45:17,229.45,5.0,50.0,30.0,Normal,100.0,100,NO,Unknown,Unknown,Unknown
18-09-2026 22:45:51,229.45,5.0,50.0,30.0,Normal,100.0,100,NO,Unknown,Unknown,Unknown
18-09-2026 22:45:59,224.79,47.61,50.0,50.0,Overload,94.0,45,YES,Unknown,Unknown,Unknown
18-09-2026 22:46:51,224.79,47.61,50.0,50.0,Overload,94.0,45,YES,Unknown,Unknown,Unknown
18-09-2026 22:47:51,224.79,47.61,50.0,50.0,Overload,94.0,45,YES,Unknown,Unknown,Unknown
18-09-2026 22:48:09,236.0,13.56,50.17,44.0,Overload,94.0,45,YES,Unknown,Unknown,Unknown
18-09-2026 22:49:23,230.0,5.0,50.0,30.0,Normal,100.0,100,NO,Unknown,Unknown,Unknown
18-09-2026 22:50:25,230.0,5.0,50.0,30.0,Normal,100.0,100,NO,Unknown,Unknown,Unknown
18-09-2026 22:51:27,230.0,5.0,50.0,30.0,Normal,100.0,100,NO,Unknown,Unknown,Unknown
18-09-2026 22:52:25,230.0,5.0,50.0,30.0,Normal,100.0,100,NO,Unknown,Unknown,Unknown
18-09-2026 22:53:26,230.0,5.0,50.0,30.0,Normal,100.0,100,NO,Unknown,Unknown,Unknown
18-09-2026 22:54:25,230.0,5.0,50.0,30.0,Normal,100.0,100,NO,Unknown,Unknown,Unknown
18-09-2026 23:01:11,230.0,5.0,50.0,30.0,Normal,100.0,100,NO,Unknown,Unknown,Unknown
18-09-2026 23:01:22,229.62,3.48,50.0,30.0,Normal,100.0,100,NO,Unknown,Unknown,Unknown
18-09-2026 23:01:36,229.62,3.48,50.0,30.0,Normal,100.0,100,NO,Unknown,Unknown,Unknown
18-09-2026 23:02:12,229.62,3.48,50.0,30.0,Normal,100.0,100,NO,Unknown,Unknown,Unknown
18-09-2026 23:03:13,229.62,3.48,50.0,30.0,Normal,100.0,100,NO,Unknown,Unknown,Unknown
18-09-2026 23:03:20,229.62,3.48,50.0,30.0,Normal,100.0,100,NO,Unknown,Unknown,Unknown
18-09-2026 23:03:32,229.62,3.48,50.0,30.0,Normal,100.0,100,NO,Unknown,Unknown,Unknown
18-09-2026 23:03:38,229.62,3.48,50.0,30.0,Normal,100.0,100,NO,Unknown,Unknown,Unknown
18-09-2026 23:04:12,229.62,3.48,50.0,30.0,Normal,100.0,100,NO,Unknown,Unknown,Unknown
18-09-2026 23:04:27,229.62,3.48,50.0,30.0,Normal,100.0,100,NO,Unknown,Unknown,Unknown
18-09-2026 23:05:12,229.62,3.48,50.0,30.0,Normal,100.0,100,NO,Unknown,Unknown,Unknown
18-09-2026 23:06:12,229.62,3.48,50.0,30.0,Normal,100.0,100,NO,Unknown,Unknown,Unknown
18-09-2026 23:08:17,229.62,3.48,50.0,30.0,Normal,100.0,100,NO,Unknown,Unknown,Unknown
18-09-2026 23:09:18,229.62,3.48,50.0,30.0,Normal,100.0,100,NO,Unknown,Unknown,Unknown
18-09-2026 23:10:17,229.62,3.48,50.0,30.0,Normal,100.0,100,NO,Unknown,Unknown,Unknown
18-09-2026 23:11:16,230.0,5.0,50.0,30.0,Normal,100.0,100,NO,Unknown,Unknown,Unknown
18-09-2026 23:12:17,230.0,5.0,50.0,30.0,Normal,100.0,100,NO,Unknown,Unknown,Unknown
18-09-2026 23:13:32,230.0,5.0,50.0,30.0,Normal,100.0,100,NO,Unknown,Unknown,Unknown
18-09-2026 23:13:39,225.97,5.0,50.0,30.0,Normal,100.0,100,NO,Unknown,Unknown,Unknown
18-09-2026 23:14:32,225.97,5.0,50.0,30.0,Normal,100.0,100,NO,Unknown,Unknown,Unknown
18-09-2026 23:15:32,225.97,5.0,50.0,30.0,Normal,100.0,100,NO,Unknown,Unknown,Unknown
18-09-2026 23:16:32,225.97,5.0,50.0,30.0,Normal,100.0,100,NO,Unknown,Unknown,Unknown
18-09-2026 23:17:06,225.97,5.0,50.0,30.0,Normal,100.0,100,NO,Unknown,Unknown,Unknown
18-09-2026 23:17:32,225.97,5.0,50.0,30.0,Normal,100.0,100,NO,Unknown,Unknown,Unknown
18-09-2026 23:18:15,225.97,5.0,50.0,30.0,Normal,100.0,100,NO,Unknown,Unknown,Unknown
18-09-2026 23:18:33,225.97,5.0,50.0,30.0,Normal,100.0,100,NO,Unknown,Unknown,Unknown
18-09-2026 23:19:33,225.97,5.0,50.0,30.0,Normal,100.0,100,NO,Unknown,Unknown,Unknown
18-09-2026 23:20:32,225.97,5.0,50.0,30.0,Normal,100.0,100,NO,Unknown,Unknown,Unknown
18-09-2026 23:20:50,227.5,5.0,50.0,30.0,Normal,100.0,100,NO,Unknown,Unknown,Unknown
18-09-2026 23:20:57,224.53,5.0,50.0,30.0,Normal,100.0,100,NO,Unknown,Unknown,Unknown
18-09-2026 23:21:05,229.45,5.0,50.0,30.0,Normal,100.0,100,NO,Unknown,Unknown,Unknown
18-09-2026 23:21:32,229.45,5.0,50.0,30.0,Normal,100.0,100,NO,Unknown,Unknown,Unknown
18-09-2026 23:22:33,229.45,5.0,50.0,30.0,Normal,100.0,100,NO,Unknown,Unknown,Unknown
18-09-2026 23:23:32,229.45,5.0,50.0,30.0,Normal,100.0,100,NO,Unknown,Unknown,Unknown
18-09-2026 23:24:32,229.45,5.0,50.0,30.0,Normal,100.0,100,NO,Unknown,Unknown,Unknown
18-09-2026 23:25:33,229.45,5.0,50.0,30.0,Normal,100.0,100,NO,Unknown,Unknown,Unknown
18-09-2026 23:26:32,229.45,5.0,50.0,30.0,Normal,100.0,100,NO,Unknown,Unknown,Unknown
18-09-2026 23:27:33,229.45,5.0,50.0,30.0,Normal,100.0,100,NO,Unknown,Unknown,Unknown
18-09-2026 23:28:33,229.45,5.0,50.0,30.0,Normal,100.0,100,NO,Unknown,Unknown,Unknown
18-09-2026 23:28:50,225.08,45.0,50.0,50.0,Overload,94.0,45,YES,Unknown,Unknown,Unknown
18-09-2026 23:29:32,225.08,45.0,50.0,50.0,Overload,94.0,45,YES,Unknown,Unknown,Unknown
18-09-2026 23:30:33,225.08,45.0,50.0,50.0,Overload,94.0,45,YES,Unknown,Unknown,Unknown
18-09-2026 23:31:24,276.0,4.17,50.0,30.0,Overvoltage,97.0,40,YES,Unknown,Unknown,Unknown
18-09-2026 23:31:32,276.0,4.17,50.0,30.0,Overvoltage,97.0,40,YES,Unknown,Unknown,Unknown
18-09-2026 23:32:33,195.5,5.88,50.0,30.0,Undervoltage,98.0,50,YES,Unknown,Unknown,Unknown
18-09-2026 23:32:42,0.0,0.0,50.0,30.0,Line Break,56.0,20,YES,Unknown,Unknown,Unknown
18-09-2026 23:33:32,0.0,0.0,50.0,30.0,Line Break,56.0,20,YES,Unknown,Unknown,Unknown
18-09-2026 23:34:34,0.0,0.0,50.0,30.0,Line Break,56.0,20,YES,Unknown,Unknown,Unknown
18-09-2026 23:35:34,0.0,0.0,50.0,30.0,Line Break,56.0,20,YES,Unknown,Unknown,Unknown
18-09-2026 23:36:36,0.0,0.0,50.0,30.0,Line Break,56.0,20,YES,Unknown,Unknown,Unknown
18-09-2026 23:37:33,0.0,0.0,50.0,30.0,Line Break,56.0,20,YES,Unknown,Unknown,Unknown
19-09-2026 08:10:05,225.97,5.0,50.0,30.0,Normal,100.0,100,NO,Unknown,Unknown,Unknown
19-09-2026 08:11:00,225.97,5.0,50.0,30.0,Normal,100.0,100,NO,Unknown,Unknown,Unknown
19-09-2026 08:11:57,225.97,5.0,50.0,30.0,Normal,100.0,100,NO,Unknown,Unknown,Unknown
19-09-2026 08:12:57,225.97,5.0,50.0,30.0,Normal,100.0,100,NO,Unknown,Unknown,Unknown
19-09-2026 08:13:58,225.97,5.0,50.0,30.0,Normal,100.0,100,NO,Unknown,Unknown,Unknown
19-09-2026 08:14:58,225.97,5.0,50.0,30.0,Normal,100.0,100,NO,Unknown,Unknown,Unknown
19-09-2026 08:15:58,225.97,5.0,50.0,30.0,Normal,100.0,100,NO,Unknown,Unknown,Unknown
19-09-2026 08:22:59,230.0,5.0,50.0,30.0,Normal,100.0,100,NO,Unknown,Unknown,Unknown
19-09-2026 08:23:08,225.97,5.0,50.0,30.0,Normal,100.0,100,NO,Unknown,Unknown,Unknown
19-09-2026 08:24:01,225.97,5.0,50.0,30.0,Normal,100.0,100,NO,Unknown,Unknown,Unknown
19-09-2026 08:25:01,225.97,5.0,50.0,30.0,Normal,100.0,100,NO,Unknown,Unknown,Unknown
19-09-2026 08:26:01,225.97,5.0,50.0,30.0,Normal,100.0,100,NO,Unknown,Unknown,Unknown
19-09-2026 08:27:01,225.97,5.0,50.0,30.0,Normal,100.0,100,NO,Unknown,Unknown,Unknown
19-09-2026 09:13:55,230.0,5.0,50.0,30.0,Normal,100.0,100,NO,Unknown,Unknown,Unknown
19-09-2026 09:14:18,237.0,9.6,50.18,39.0,Normal,40.0,100,NO,Unknown,Unknown,Unknown
19-09-2026 09:14:25,225.97,5.0,50.0,30.0,Normal,100.0,100,NO,Unknown,Unknown,Unknown
19-09-2026 09:14:36,225.97,5.0,50.0,30.0,Normal,100.0,100,NO,Unknown,Unknown,Unknown
19-09-2026 09:14:45,225.97,5.0,50.0,30.0,Normal,100.0,100,NO,Unknown,Unknown,Unknown
19-09-2026 09:14:54,225.97,5.0,50.0,30.0,Normal,100.0,100,NO,Unknown,Unknown,Unknown
19-09-2026 09:14:56,225.97,5.0,50.0,30.0,Normal,100.0,100,NO,Unknown,Unknown,Unknown
19-09-2026 09:16:05,229.45,5.0,50.0,30.0,Normal,100.0,100,NO,Unknown,Unknown,Unknown
19-09-2026 09:16:35,224.79,47.61,50.0,50.0,Overload,94.0,45,YES,Unknown,Unknown,Unknown
19-09-2026 09:16:41,229.45,5.0,50.0,30.0,Normal,100.0,100,NO,Unknown,Unknown,Unknown
19-09-2026 09:16:43,224.79,47.61,50.0,50.0,Overload,94.0,45,YES,Unknown,Unknown,Unknown
19-09-2026 09:16:48,229.45,5.0,50.0,30.0,Normal,100.0,100,NO,Unknown,Unknown,Unknown
19-09-2026 09:16:53,0.0,0.0,50.0,30.0,Line Break,56.0,20,YES,Unknown,Unknown,Unknown
19-09-2026 09:16:55,0.0,0.0,50.0,30.0,Line Break,56.0,20,YES,Unknown,Unknown,Unknown
19-09-2026 09:16:58,229.45,5.0,50.0,30.0,Normal,100.0,100,NO,Unknown,Unknown,Unknown
19-09-2026 09:17:54,229.45,5.0,50.0,30.0,Normal,100.0,100,NO,Unknown,Unknown,Unknown
19-09-2026 09:18:55,229.45,5.0,50.0,30.0,Normal,100.0,100,NO,Unknown,Unknown,Unknown
19-09-2026 09:19:55,229.45,5.0,50.0,30.0,Normal,100.0,100,NO,Unknown,Unknown,Unknown
19-09-2026 09:20:55,229.45,5.0,50.0,30.0,Normal,100.0,100,NO,Unknown,Unknown,Unknown
19-09-2026 09:21:56,229.45,5.0,50.0,30.0,Normal,100.0,100,NO,Unknown,Unknown,Unknown
19-09-2026 09:22:57,229.45,5.0,50.0,30.0,Normal,100.0,100,NO,Unknown,Unknown,Unknown
19-09-2026 09:23:58,229.45,5.0,50.0,30.0,Normal,100.0,100,NO,Unknown,Unknown,Unknown
19-09-2026 09:24:59,229.45,5.0,50.0,30.0,Normal,100.0,100,NO,Unknown,Unknown,Unknown
19-09-2026 09:26:00,229.45,5.0,50.0,30.0,Normal,100.0,100,NO,Unknown,Unknown,Unknown
19-09-2026 09:27:01,229.45,5.0,50.0,30.0,Normal,100.0,100,NO,Unknown,Unknown,Unknown
19-09-2026 09:28:02,229.45,5.0,50.0,30.0,Normal,100.0,100,NO,Unknown,Unknown,Unknown
19-09-2026 09:29:03,229.45,5.0,50.0,30.0,Normal,100.0,100,NO,Unknown,Unknown,Unknown
19-09-2026 09:30:04,229.45,5.0,50.0,30.0,Normal,100.0,100,NO,Unknown,Unknown,Unknown
19-09-2026 09:31:05,229.45,5.0,50.0,30.0,Normal,100.0,100,NO,Unknown,Unknown,Unknown
19-09-2026 10:27:01,230.0,5.0,50.0,30.0,Normal,100.0,100,NO,Unknown,Unknown,Unknown
19-09-2026 10:27:11,225.97,5.0,50.0,30.0,Normal,100.0,100,NO,Unknown,Unknown,Unknown
19-09-2026 10:27:15,230.0,5.0,50.0,30.0,Normal,100.0,100,NO,Unknown,Unknown,Unknown
19-09-2026 10:28:03,230.0,5.0,50.0,30.0,Normal,100.0,100,NO,Unknown,Unknown,Unknown
19-09-2026 10:28:26,225.97,5.0,50.0,30.0,Normal,100.0,100,NO,Unknown,Unknown,Unknown
19-09-2026 10:29:06,225.97,5.0,50.0,30.0,Normal,100.0,100,NO,Unknown,Unknown,Unknown
19-09-2026 10:29:15,225.97,5.0,50.0,30.0,Normal,100.0,100,NO,Unknown,Unknown,Unknown
19-09-2026 10:30:04,225.97,5.0,50.0,30.0,Normal,100.0,100,NO,Unknown,Unknown,Unknown
19-09-2026 10:30:41,229.45,5.0,50.0,30.0,Normal,100.0,100,NO,Unknown,Unknown,Unknown
19-09-2026 10:31:03,229.45,5.0,50.0,30.0,Normal,100.0,100,NO,Unknown,Unknown,Unknown
19-09-2026 10:32:03,229.45,5.0,50.0,30.0,Normal,100.0,100,NO,Unknown,Unknown,Unknown
19-09-2026 10:33:03,229.45,5.0,50.0,30.0,Normal,100.0,100,NO,Unknown,Unknown,Unknown
19-09-2026 10:33:19,225.97,5.0,50.0,30.0,Normal,100.0,100,NO,Unknown,Unknown,Unknown
19-09-2026 10:34:04,225.97,5.0,50.0,30.0,Normal,100.0,100,NO,Unknown,Unknown,Unknown
19-09-2026 10:35:03,225.97,5.0,50.0,30.0,Normal,100.0,100,NO,Unknown,Unknown,Unknown
19-09-2026 10:36:03,225.97,5.0,50.0,30.0,Normal,100.0,100,NO,Unknown,Unknown,Unknown
19-09-2026 10:37:03,225.97,5.0,50.0,30.0,Normal,100.0,100,NO,Unknown,Unknown,Unknown
19-09-2026 10:38:03,225.97,5.0,50.0,30.0,Normal,100.0,100,NO,Unknown,Unknown,Unknown
19-09-2026 10:38:07,229.45,5.0,50.0,30.0,Normal,100.0,100,NO,Unknown,Unknown,Unknown
19-09-2026 10:38:16,225.97,5.0,50.0,30.0,Normal,100.0,100,NO,Unknown,Unknown,Unknown
19-09-2026 10:38:55,229.45,5.0,50.0,30.0,Normal,100.0,100,NO,Unknown,Unknown,Unknown
19-09-2026 10:39:03,229.45,5.0,50.0,30.0,Normal,100.0,100,NO,Unknown,Unknown,Unknown
19-09-2026 10:39:14,231.8,4.73,50.06,30.1,Normal,100.0,100,NO,Unknown,Unknown,Unknown
19-09-2026 10:39:18,231.2,4.44,49.98,29.9,Normal,100.0,100,NO,Unknown,Unknown,Unknown
19-09-2026 10:39:18,232.2,4.25,49.97,30.1,Normal,100.0,100,NO,Unknown,Unknown,Unknown
19-09-2026 10:39:20,233.7,4.14,49.89,30.2,Normal,100.0,100,NO,Unknown,Unknown,Unknown
19-09-2026 10:39:22,232.4,4.41,49.95,30.2,Normal,100.0,100,NO,Unknown,Unknown,Unknown
19-09-2026 10:39:24,231.1,4.42,49.97,30.5,Normal,100.0,100,NO,Unknown,Unknown,Unknown
19-09-2026 10:39:25,230.6,4.07,50.08,30.5,Normal,100.0,100,NO,Unknown,Unknown,Unknown
19-09-2026 10:39:27,229.1,4.02,50.14,30.7,Normal,100.0,100,NO,Unknown,Unknown,Unknown
19-09-2026 10:39:27,227.4,4.11,50.14,30.7,Normal,100.0,100,NO,Unknown,Unknown,Unknown
19-09-2026 10:39:29,228.5,4.02,50.19,30.4,Normal,100.0,100,NO,Unknown,Unknown,Unknown
19-09-2026 10:39:30,228.1,4.14,50.18,30.6,Normal,100.0,100,NO,Unknown,Unknown,Unknown
19-09-2026 10:39:32,229.3,4.19,50.12,30.2,Normal,100.0,100,NO,Unknown,Unknown,Unknown
19-09-2026 10:39:34,230.9,4.26,50.09,30.6,Normal,100.0,100,NO,Unknown,Unknown,Unknown
19-09-2026 10:39:37,225.97,5.0,50.0,30.0,Normal,100.0,100,NO,Unknown,Unknown,Unknown
19-09-2026 10:39:43,236.0,6.6,49.98,44.0,Normal,57.0,100,NO,Unknown,Unknown,Unknown
19-09-2026 10:40:16,230.0,5.0,50.0,30.0,Normal,100.0,100,NO,Unknown,Unknown,Unknown
19-09-2026 10:40:23,229.99,5.0,50.0,30.0,Normal,100.0,100,NO,Unknown,Unknown,Unknown
19-09-2026 10:40:26,229.86,5.0,50.0,30.0,Normal,100.0,100,NO,Unknown,Unknown,Unknown
19-09-2026 10:40:41,225.97,5.0,50.0,30.0,Normal,100.0,100,NO,Unknown,Unknown,Unknown
19-09-2026 10:40:43,228.0,14.58,50.0,42.0,Overload,94.0,45,YES,Unknown,Unknown,Unknown
19-09-2026 10:40:45,233.8,16.48,50.2,30.7,Overload,75.0,45,YES,Unknown,Unknown,Unknown
19-09-2026 10:40:47,231.8,22.23,50.21,31.0,Overload,75.0,45,YES,Unknown,Unknown,Unknown
19-09-2026 10:40:49,233.0,24.0,50.21,30.9,Overload,75.0,45,YES,Unknown,Unknown,Unknown
19-09-2026 10:40:50,235.0,24.0,50.27,31.0,Overload,75.0,45,YES,Unknown,Unknown,Unknown
19-09-2026 10:40:52,236.5,24.0,50.27,31.0,Overload,75.0,45,YES,Unknown,Unknown,Unknown
19-09-2026 10:40:53,239.0,7.63,50.04,54.0,Normal,57.0,100,NO,Unknown,Unknown,Unknown
19-09-2026 10:40:55,230.0,5.0,50.0,30.0,Normal,100.0,100,NO,Unknown,Unknown,Unknown
19-09-2026 10:40:59,236.5,24.0,50.3,30.6,Overload,75.0,45,YES,Unknown,Unknown,Unknown
19-09-2026 10:41:01,235.1,24.0,50.34,30.3,Overload,75.0,45,YES,Unknown,Unknown,Unknown
19-09-2026 10:41:02,233.5,24.0,50.3,30.0,Overload,75.0,45,YES,Unknown,Unknown,Unknown
19-09-2026 10:41:04,232.7,24.0,50.23,29.7,Overload,75.0,45,YES,Unknown,Unknown,Unknown
19-09-2026 10:41:07,233.1,24.0,50.18,29.4,Overload,75.0,45,YES,Unknown,Unknown,Unknown
19-09-2026 10:41:07,234.5,24.0,50.17,29.4,Overload,75.0,45,YES,Unknown,Unknown,Unknown
19-09-2026 10:41:10,236.7,24.0,50.21,29.2,Overload,75.0,45,YES,Unknown,Unknown,Unknown
19-09-2026 10:41:11,226.0,13.86,50.14,38.0,Overload,93.0,45,YES,Unknown,Unknown,Unknown
19-09-2026 10:41:14,225.97,5.0,50.0,30.0,Normal,100.0,100,NO,Unknown,Unknown,Unknown
19-09-2026 10:42:10,229.45,5.0,50.0,30.0,Normal,100.0,100,NO,Unknown,Unknown,Unknown
19-09-2026 10:42:13,229.45,5.0,50.0,30.0,Normal,100.0,100,NO,Unknown,Unknown,Unknown
19-09-2026 10:43:12,229.45,5.0,50.0,30.0,Normal,100.0,100,NO,Unknown,Unknown,Unknown
19-09-2026 12:58:54,230.0,5.0,50.0,30.0,Normal,100.0,100,NO,Unknown,Unknown,Unknown
19-09-2026 12:59:00,225.97,5.0,50.0,30.0,Normal,100.0,100,NO,Unknown,Unknown,Unknown
19-09-2026 15:40:43,230.0,5.0,50.0,30.0,Normal,100.0,100,NO,Unknown,Unknown,Unknown
19-09-2026 15:40:51,225.97,5.0,50.0,30.0,Normal,100.0,100,NO,Unknown,Unknown,Unknown
19-09-2026 15:41:22,230.0,5.0,50.0,30.0,Normal,100.0,100,NO,Unknown,Unknown,Unknown
19-09-2026 15:42:23,230.0,5.0,50.0,30.0,Normal,100.0,100,NO,Unknown,Unknown,Unknown
19-09-2026 15:43:24,230.0,5.0,50.0,30.0,Normal,100.0,100,NO,Unknown,Unknown,Unknown
19-09-2026 15:44:24,230.0,5.0,50.0,30.0,Normal,100.0,100,NO,Unknown,Unknown,Unknown
19-09-2026 15:45:24,230.0,5.0,50.0,30.0,Normal,100.0,100,NO,Unknown,Unknown,Unknown
19-09-2026 15:46:24,230.0,5.0,50.0,30.0,Normal,100.0,100,NO,Unknown,Unknown,Unknown
19-09-2026 15:47:23,230.0,5.0,50.0,30.0,Normal,100.0,100,NO,Unknown,Unknown,Unknown
19-09-2026 15:48:24,230.0,5.0,50.0,30.0,Normal,100.0,100,NO,Unknown,Unknown,Unknown
19-09-2026 15:55:15,230.0,5.0,50.0,30.0,Normal,100.0,100,NO,Unknown,Unknown,Unknown
19-09-2026 15:56:15,230.0,5.0,50.0,30.0,Normal,100.0,100,NO,Unknown,Unknown,Unknown
19-09-2026 15:57:15,230.0,5.0,50.0,30.0,Normal,100.0,100,NO,Unknown,Unknown,Unknown
19-09-2026 15:58:22,230.0,5.0,50.0,30.0,Normal,100.0,100,NO,Unknown,Unknown,Unknown
19-09-2026 15:59:36,230.0,5.0,50.0,30.0,Normal,100.0,100,NO,Unknown,Unknown,Unknown
19-09-2026 16:00:36,230.0,5.0,50.0,30.0,Normal,100.0,100,NO,Unknown,Unknown,Unknown
19-09-2026 16:01:21,230.0,5.0,50.0,30.0,Normal,100.0,100,NO,Unknown,Unknown,Unknown
19-09-2026 16:02:20,230.0,5.0,50.0,30.0,Normal,100.0,100,NO,Unknown,Unknown,Unknown
19-09-2026 16:03:19,230.0,5.0,50.0,30.0,Normal,100.0,100,NO,Unknown,Unknown,Unknown
19-09-2026 16:04:20,230.0,5.0,50.0,30.0,Normal,100.0,100,NO,Unknown,Unknown,Unknown
19-09-2026 16:05:20,230.0,5.0,50.0,30.0,Normal,100.0,100,NO,Unknown,Unknown,Unknown
19-09-2026 16:06:20,230.0,5.0,50.0,30.0,Normal,100.0,100,NO,Unknown,Unknown,Unknown
19-09-2026 16:07:19,230.0,5.0,50.0,30.0,Normal,100.0,100,NO,Unknown,Unknown,Unknown
19-09-2026 16:08:21,230.0,5.0,50.0,30.0,Normal,100.0,100,NO,Unknown,Unknown,Unknown
19-09-2026 16:09:20,230.0,5.0,50.0,30.0,Normal,100.0,100,NO,Unknown,Unknown,Unknown
19-09-2026 16:10:20,230.0,5.0,50.0,30.0,Normal,100.0,100,NO,Unknown,Unknown,Unknown
19-09-2026 16:11:20,230.0,5.0,50.0,30.0,Normal,100.0,100,NO,Unknown,Unknown,Unknown
19-09-2026 16:12:19,230.0,5.0,50.0,30.0,Normal,100.0,100,NO,Unknown,Unknown,Unknown
19-09-2026 16:13:19,230.0,5.0,50.0,30.0,Normal,100.0,100,NO,Unknown,Unknown,Unknown
19-09-2026 16:14:18,230.0,5.0,50.0,30.0,Normal,100.0,100,NO,Unknown,Unknown,Unknown
19-09-2026 19:33:37,230.0,5.0,50.0,30.0,Normal,100.0,100,NO,Unknown,Unknown,Unknown
19-09-2026 19:34:33,230.0,5.0,50.0,30.0,Normal,100.0,100,NO,Unknown,Unknown,Unknown
19-09-2026 19:35:33,230.0,5.0,50.0,30.0,Normal,100.0,100,NO,Unknown,Unknown,Unknown
19-09-2026 19:36:25,225.97,5.0,50.0,30.0,Normal,100.0,100,NO,Unknown,Unknown,Unknown
19-09-2026 19:36:36,225.97,5.0,50.0,30.0,Normal,100.0,100,NO,Unknown,Unknown,Unknown
19-09-2026 19:37:34,225.97,5.0,50.0,30.0,Normal,100.0,100,NO,Unknown,Unknown,Unknown
19-09-2026 19:38:34,225.97,5.0,50.0,30.0,Normal,100.0,100,NO,Unknown,Unknown,Unknown
19-09-2026 19:39:33,225.97,5.0,50.0,30.0,Normal,100.0,100,NO,Unknown,Unknown,Unknown
19-09-2026 19:40:34,225.97,5.0,50.0,30.0,Normal,100.0,100,NO,Unknown,Unknown,Unknown
19-09-2026 19:41:35,225.97,5.0,50.0,30.0,Normal,100.0,100,NO,Unknown,Unknown,Unknown
19-09-2026 19:42:34,225.97,5.0,50.0,30.0,Normal,100.0,100,NO,Unknown,Unknown,Unknown
19-09-2026 19:43:34,225.97,5.0,50.0,30.0,Normal,100.0,100,NO,Unknown,Unknown,Unknown
19-09-2026 19:44:33,225.97,5.0,50.0,30.0,Normal,100.0,100,NO,Unknown,Unknown,Unknown
19-09-2026 19:45:35,225.97,5.0,50.0,30.0,Normal,100.0,100,NO,Unknown,Unknown,Unknown
19-09-2026 19:46:12,225.97,5.0,50.0,30.0,Normal,100.0,100,NO,Unknown,Unknown,Unknown
19-09-2026 19:46:43,225.97,5.0,50.0,30.0,Normal,100.0,100,NO,Unknown,Unknown,Unknown
19-09-2026 19:46:47,225.97,5.0,50.0,30.0,Normal,100.0,100,NO,Unknown,Unknown,Unknown
19-09-2026 19:47:33,225.97,5.0,50.0,30.0,Normal,100.0,100,NO,Unknown,Unknown,Unknown
19-09-2026 19:48:33,225.97,5.0,50.0,30.0,Normal,100.0,100,NO,Unknown,Unknown,Unknown
19-09-2026 19:48:37,229.45,5.0,50.0,30.0,Normal,100.0,100,NO,Unknown,Unknown,Unknown
19-09-2026 19:49:33,229.45,5.0,50.0,30.0,Normal,100.0,100,NO,Unknown,Unknown,Unknown
19-09-2026 19:50:32,229.45,5.0,50.0,30.0,Normal,100.0,100,NO,Unknown,Unknown,Unknown
19-09-2026 19:51:34,229.45,5.0,50.0,30.0,Normal,100.0,100,NO,Unknown,Unknown,Unknown
19-09-2026 19:52:35,229.45,5.0,50.0,30.0,Normal,100.0,100,NO,Unknown,Unknown,Unknown
19-09-2026 19:53:35,229.45,5.0,50.0,30.0,Normal,100.0,100,NO,Unknown,Unknown,Unknown
19-09-2026 19:56:28,229.67,3.04,50.0,30.0,Normal,100.0,100,NO,Unknown,Unknown,Unknown
19-09-2026 19:56:31,229.45,5.0,50.0,30.0,Normal,100.0,100,NO,Unknown,Unknown,Unknown
19-09-2026 19:56:37,225.97,5.0,50.0,30.0,Normal,100.0,100,NO,Unknown,Unknown,Unknown
19-09-2026 19:56:44,229.45,5.0,50.0,30.0,Normal,100.0,100,NO,Unknown,Unknown,Unknown
19-09-2026 19:57:26,229.45,5.0,50.0,30.0,Normal,100.0,100,NO,Unknown,Unknown,Unknown
19-09-2026 19:58:13,225.97,5.0,50.0,30.0,Normal,100.0,100,NO,Unknown,Unknown,Unknown
19-09-2026 19:58:27,225.97,5.0,50.0,30.0,Normal,100.0,100,NO,Unknown,Unknown,Unknown
19-09-2026 19:59:26,225.97,5.0,50.0,30.0,Normal,100.0,100,NO,Unknown,Unknown,Unknown
19-09-2026 20:00:28,225.97,5.0,50.0,30.0,Normal,100.0,100,NO,Unknown,Unknown,Unknown
19-09-2026 20:01:27,225.97,5.0,50.0,30.0,Normal,100.0,100,NO,Unknown,Unknown,Unknown
19-09-2026 20:02:27,225.97,5.0,50.0,30.0,Normal,100.0,100,NO,Unknown,Unknown,Unknown
19-09-2026 20:03:27,225.97,5.0,50.0,30.0,Normal,100.0,100,NO,Unknown,Unknown,Unknown
19-09-2026 20:31:21,230.0,5.0,50.0,30.0,Normal,100.0,100,NO,Unknown,Unknown,Unknown
19-09-2026 20:32:14,230.0,5.0,50.0,30.0,Normal,100.0,100,NO,Unknown,Unknown,Unknown
19-09-2026 20:33:16,230.0,5.0,50.0,30.0,Normal,100.0,100,NO,Unknown,Unknown,Unknown
19-09-2026 20:34:15,230.0,5.0,50.0,30.0,Normal,100.0,100,NO,Unknown,Unknown,Unknown
19-09-2026 20:35:14,230.0,5.0,50.0,30.0,Normal,100.0,100,NO,Unknown,Unknown,Unknown
19-09-2026 20:36:14,230.0,5.0,50.0,30.0,Normal,100.0,100,NO,Unknown,Unknown,Unknown
19-09-2026 20:37:14,230.0,5.0,50.0,30.0,Normal,100.0,100,NO,Unknown,Unknown,Unknown
19-09-2026 21:52:01,230.0,5.0,50.0,30.0,Normal,100.0,100,NO,Unknown,Unknown,Unknown
19-09-2026 21:52:04,225.97,5.0,50.0,30.0,Normal,100.0,100,NO,Unknown,Unknown,Unknown
19-09-2026 21:53:02,225.97,5.0,50.0,30.0,Normal,100.0,100,NO,Unknown,Unknown,Unknown
19-09-2026 21:54:01,225.97,5.0,50.0,30.0,Normal,100.0,100,NO,Unknown,Unknown,Unknown
19-09-2026 21:55:02,225.97,5.0,50.0,30.0,Normal,100.0,100,NO,Unknown,Unknown,Unknown
19-09-2026 21:55:50,225.97,5.0,50.0,30.0,Normal,100.0,100,NO,Unknown,Unknown,Unknown
19-09-2026 21:56:23,225.97,5.0,50.0,30.0,Normal,100.0,100,NO,Unknown,Unknown,Unknown
19-09-2026 21:56:27,225.97,5.0,50.0,30.0,Normal,100.0,100,NO,Unknown,Unknown,Unknown
19-09-2026 21:57:02,225.97,5.0,50.0,30.0,Normal,100.0,100,NO,Unknown,Unknown,Unknown
19-09-2026 21:58:02,225.97,5.0,50.0,30.0,Normal,100.0,100,NO,Unknown,Unknown,Unknown
19-09-2026 22:02:39,230.0,5.0,50.0,30.0,Normal,100.0,100,NO,Unknown,Unknown,Unknown
19-09-2026 22:02:46,225.97,5.0,50.0,30.0,Normal,100.0,100,NO,Unknown,Unknown,Unknown
19-09-2026 22:02:54,225.97,5.0,50.0,30.0,Normal,100.0,100,NO,Unknown,Unknown,Unknown
19-09-2026 22:03:19,225.97,5.0,50.0,30.0,Normal,100.0,100,NO,Unknown,Unknown,Unknown
19-09-2026 22:03:42,225.97,5.0,50.0,30.0,Normal,100.0,100,NO,Unknown,Unknown,Unknown
19-09-2026 22:04:42,225.97,5.0,50.0,30.0,Normal,100.0,100,NO,Unknown,Unknown,Unknown
19-09-2026 22:05:40,225.97,5.0,50.0,30.0,Normal,100.0,100,NO,Unknown,Unknown,Unknown
19-09-2026 22:06:53,230.0,5.0,50.0,30.0,Normal,100.0,100,NO,Unknown,Unknown,Unknown
19-09-2026 22:07:01,225.97,5.0,50.0,30.0,Normal,100.0,100,NO,Unknown,Unknown,Unknown
19-09-2026 22:07:06,225.97,5.0,50.0,30.0,Normal,100.0,100,NO,Unknown,Unknown,Unknown
19-09-2026 22:07:17,225.97,5.0,50.0,30.0,Normal,100.0,100,NO,Unknown,Unknown,Unknown
19-09-2026 22:07:56,225.97,5.0,50.0,30.0,Normal,100.0,100,NO,Unknown,Unknown,Unknown
19-09-2026 22:08:55,225.97,5.0,50.0,30.0,Normal,100.0,100,NO,Unknown,Unknown,Unknown
19-09-2026 22:09:56,225.97,5.0,50.0,30.0,Normal,100.0,100,NO,Unknown,Unknown,Unknown
19-09-2026 22:10:54,225.97,5.0,50.0,30.0,Normal,100.0,100,NO,Unknown,Unknown,Unknown
19-09-2026 22:28:20,230.0,5.0,50.0,30.0,Normal,100.0,100,NO,MANUAL-AREA,MANUAL-LINE,MANUAL
19-09-2026 22:29:22,230.52329232704665,95.24701698449168,49.99835307420916,102.06660391912546,Overload,94.0,45,YES,AREA-01,LT-01-001,ASSET-001
19-09-2026 22:30:22,230.52329232704665,95.24701698449168,49.99835307420916,102.06660391912546,Overload,94.0,45,YES,AREA-01,LT-01-001,ASSET-001
19-09-2026 22:33:46,230.39179030843977,93.41613730868426,49.95878134453654,101.36220690707728,Overload,94.0,45,YES,AREA-01,LT-01-001,ASSET-001
19-09-2026 22:34:22,230.39179030843977,93.41613730868426,49.95878134453654,101.36220690707728,Overload,94.0,45,YES,AREA-01,LT-01-001,ASSET-001
19-09-2026 22:35:23,230.39179030843977,93.41613730868426,49.95878134453654,101.36220690707728,Overload,94.0,45,YES,AREA-01,LT-01-001,ASSET-001
19-09-2026 22:36:01,229.4146744209189,89.18371820270772,50.03975699714396,97.3893598612317,Overload,94.0,45,YES,AREA-01,LT-01-001,ASSET-001
19-09-2026 22:42:08,230.0,5.0,50.0,30.0,Normal,100.0,100,NO,MANUAL-AREA,MANUAL-LINE,MANUAL
19-09-2026 22:45:58,0.0,0.0,50.03428919840927,28.046415466136985,Line Break,56.0,20,YES,AREA-02,LT-02-001,ASSET-004
19-09-2026 22:46:26,231.4628283925596,169.44594597187563,49.94009367554026,121.99283664395143,Overload,94.0,45,YES,AREA-02,LT-02-001,ASSET-004
19-09-2026 22:47:09,231.4628283925596,169.44594597187563,49.94009367554026,121.99283664395143,Overload,94.0,45,YES,AREA-02,LT-02-001,ASSET-004
19-09-2026 22:47:40,254.1365493756706,96.8262548410718,50.030797032721566,104.33123247450374,Overload,100.0,45,YES,AREA-02,LT-02-001,ASSET-004
19-09-2026 22:48:09,254.1365493756706,96.8262548410718,50.030797032721566,104.33123247450374,Overload,100.0,45,YES,AREA-02,LT-02-001,ASSET-004
19-09-2026 22:49:09,254.1365493756706,96.8262548410718,50.030797032721566,104.33123247450374,Overload,100.0,45,YES,AREA-02,LT-02-001,ASSET-004
19-09-2026 22:50:10,254.1365493756706,96.8262548410718,50.030797032721566,104.33123247450374,Overload,100.0,45,YES,AREA-02,LT-02-001,ASSET-004
19-09-2026 22:51:12,254.1365493756706,96.8262548410718,50.030797032721566,104.33123247450374,Overload,100.0,45,YES,AREA-02,LT-02-001,ASSET-004
19-09-2026 22:52:03,230.0,5.0,50.0,30.0,Normal,100.0,100,NO,MANUAL-AREA,MANUAL-LINE,MANUAL
19-09-2026 22:53:05,230.0,5.0,50.0,30.0,Normal,100.0,100,NO,MANUAL-AREA,MANUAL-LINE,MANUAL
19-09-2026 22:53:58,0.0,0.0,49.96615381991139,27.819297084972657,Line Break,56.0,20,YES,AREA-01,LT-01-001,ASSET-001
19-09-2026 22:54:04,0.0,0.0,49.96615381991139,27.819297084972657,Line Break,56.0,20,YES,AREA-01,LT-01-001,ASSET-001
19-09-2026 22:54:58,0.0,0.0,49.98020692313699,28.166525821139352,Line Break,56.0,20,YES,AREA-01,LT-01-001,ASSET-001
19-09-2026 22:55:05,0.0,0.0,49.98020692313699,28.166525821139352,Line Break,56.0,20,YES,AREA-01,LT-01-001,ASSET-001
19-09-2026 22:56:49,230.0,5.0,50.0,30.0,Normal,100.0,100,NO,MANUAL-AREA,MANUAL-LINE,MANUAL
19-09-2026 22:58:08,0.0,0.0,49.95567453272598,27.834072518999967,Line Break,56.0,20,YES,AREA-01,LT-01-001,ASSET-001
19-09-2026 22:58:16,0.0,0.0,49.95567453272598,27.834072518999967,Line Break,56.0,20,YES,AREA-01,LT-01-001,ASSET-001
19-09-2026 22:58:50,0.0,0.0,49.95567453272598,27.834072518999967,Line Break,56.0,20,YES,AREA-01,LT-01-001,ASSET-001
19-09-2026 22:59:50,0.0,0.0,49.95567453272598,27.834072518999967,Line Break,56.0,20,YES,AREA-01,LT-01-001,ASSET-001
19-09-2026 23:00:50,0.0,0.0,49.95567453272598,27.834072518999967,Line Break,56.0,20,YES,AREA-01,LT-01-001,ASSET-001
19-09-2026 23:01:50,0.0,0.0,49.95567453272598,27.834072518999967,Line Break,56.0,20,YES,AREA-01,LT-01-001,ASSET-001
